Team,Level,Source,Target,Rule,Notes
Chaotix,Seaside Hill,Start,ObjSanity,,
Chaotix,Seaside Hill,ObjSanity,Start,,
Chaotix,Seaside Hill,First Loop at Start of Level,Eggmans Robots Bottom Before Checkpoint 1,,
Chaotix,Seaside Hill,Eggmans Robots Bottom Before Checkpoint 1,First Loop at Start of Level,,
Chaotix,Seaside Hill,Eggmans Robots Bottom Before Checkpoint 1,Hermit Crab Cliff Below Eggmans Robots Before Checkpoint 1,(FlyAny)OR(Jump)OR(Thundershoot0),
Chaotix,Seaside Hill,First Loop at Start of Level,Hermit Crab Cliff Below Eggmans Robots Before Checkpoint 1,(FlyAnyANDJump),
Chaotix,Seaside Hill,Eggmans Robots Bottom Before Checkpoint 1,Hermit Crab Cliff Below Eggmans Robots Before Checkpoint 1,(Thundershoot0ANDJump),
Chaotix,Seaside Hill,Hermit Crab Cliff Below Eggmans Robots Before Checkpoint 1,Eggmans Robots Bottom Before Checkpoint 1,SingleSpringAND((Jump)OR(Thundershoot0)OR(FlyAny)),
Chaotix,Seaside Hill,Eggmans Robots Bottom Before Checkpoint 1,Eggmans Robots Middle Before Checkpoint 1,(FlyAnyANDJump)OR(WarpFlowerANDFlowerStingANDJump),
Chaotix,Seaside Hill,Eggmans Robots Middle Before Checkpoint 1,Eggmans Robots Top Before Checkpoint 1,(TripleSpring)OR(FlyAny),
Chaotix,Seaside Hill,Eggmans Robots Top Before Checkpoint 1,Small Cliff Above Eggmans Robots Before Checkpoint 1,(Thundershoot0)OR(FlyAny),
Chaotix,Seaside Hill,Small Cliff Above Eggmans Robots Before Checkpoint 1,Eggmans Robots Top Before Checkpoint 1,,
Chaotix,Seaside Hill,Eggmans Robots Top Before Checkpoint 1,Eggmans Robots Top After Block Before Checkpoint 1,BreakThingsORFlyAnyOR(JumpAND((FlyingCharORSpeedChar)ORBellyFlopOR(BadnikBounceANDEggPawnBazooka)))OR(MediumANDThundershoot0),
Chaotix,Seaside Hill,Eggmans Robots Top After Block Before Checkpoint 1,Eggmans Robots Top Before Checkpoint 1,BreakThingsORFlyAnyOR(JumpAND((FlyingCharORSpeedChar)ORBellyFlop))OR(MediumANDThundershoot0),
Chaotix,Seaside Hill,Eggmans Robots Top After Block Before Checkpoint 1,Top Cliff Route With Hermit Crab Before Checkpoint 1,DashRampAND(FlyAnyORTripleSpring)AND(BreakWoodContainerORJump),
Chaotix,Seaside Hill,Top Cliff Route With Hermit Crab Before Checkpoint 1,Staircase Before Corner Cave Bottom At Checkpoint 1 Item Balloon,(Thundershoot0)OR(FlyAny)OR(Jump),
Chaotix,Seaside Hill,Staircase Before Corner Cave Bottom At Checkpoint 1 Item Balloon,Staircase Before Corner Cave Bottom Item Box At Checkpoint 1,,
Chaotix,Seaside Hill,Staircase Before Corner Cave Bottom Item Box At Checkpoint 1,Checkpoint 1,,
Chaotix,Seaside Hill,Checkpoint 1,Staircase Before Corner Cave Bottom Item Box At Checkpoint 1,,
Chaotix,Seaside Hill,,,,
Chaotix,Seaside Hill,Staircase Before Corner Cave Middle After Checkpoint 1,Bonus Key 1,,
Chaotix,Seaside Hill,Bonus Key 1,Staircase Before Corner Cave Middle After Checkpoint 1,,
Chaotix,Seaside Hill,,,,
Chaotix,Seaside Hill,,,,
Chaotix,Seaside Hill,,,,
Chaotix,Seaside Hill,,,,
Chaotix,Seaside Hill,,,,
Chaotix,Seaside Hill,,,,
Chaotix,Seaside Hill,,,,
Chaotix,Seaside Hill,,,,
Chaotix,Seaside Hill,,,,
Chaotix,Seaside Hill,,,,
Chaotix,Seaside Hill,,,,
Chaotix,Seaside Hill,,,,
Chaotix,Seaside Hill,,,,
Chaotix,Seaside Hill,,,,
Chaotix,Seaside Hill,,,,
Chaotix,Seaside Hill,,,,
Chaotix,Seaside Hill,,,,
Chaotix,Seaside Hill,,,,
Chaotix,Seaside Hill,,,,
Chaotix,Seaside Hill,,,,
Chaotix,Seaside Hill,,,,
Chaotix,Seaside Hill,,,,
Chaotix,Seaside Hill,,,,
Chaotix,Seaside Hill,,,,
Chaotix,Seaside Hill,,,,
Chaotix,Seaside Hill,,,,
Chaotix,Seaside Hill,,,,
Chaotix,Seaside Hill,,,,
Chaotix,Seaside Hill,,,,
Chaotix,Seaside Hill,,,,
Chaotix,Seaside Hill,,,,
Chaotix,Seaside Hill,,,,
Chaotix,Seaside Hill,,,,
Chaotix,Seaside Hill,,,,
Chaotix,Seaside Hill,,,,
Chaotix,Seaside Hill,,,,
Chaotix,Seaside Hill,,,,
Chaotix,Seaside Hill,,,,
Chaotix,Seaside Hill,,,,
Chaotix,Seaside Hill,,,,
Chaotix,Seaside Hill,,,,
Chaotix,Seaside Hill,,,,
Chaotix,Seaside Hill,,,,
Chaotix,Seaside Hill,,,,
Chaotix,Seaside Hill,,,,
Chaotix,Seaside Hill,,,,
Chaotix,Seaside Hill,,,,
Chaotix,Seaside Hill,,,,
Chaotix,Seaside Hill,,,,
Chaotix,Seaside Hill,Start,Bonus Key 1,,
Chaotix,Seaside Hill,Bonus Key 1,Start,,
Chaotix,Seaside Hill,Start,Bonus Key 2,,
Chaotix,Seaside Hill,Bonus Key 2,Start,,
Chaotix,Seaside Hill,Start,Bonus Key 3,,
Chaotix,Seaside Hill,Bonus Key 3,Start,,
Chaotix,Seaside Hill,Start,Checkpoint 1,,
Chaotix,Seaside Hill,Checkpoint 1,Start,,
Chaotix,Seaside Hill,Start,Checkpoint 2,,
Chaotix,Seaside Hill,Checkpoint 2,Start,,
Chaotix,Seaside Hill,Start,Checkpoint 3,,
Chaotix,Seaside Hill,Checkpoint 3,Start,,
Chaotix,Seaside Hill,Start,Checkpoint 4,,
Chaotix,Seaside Hill,Checkpoint 4,Start,,
Chaotix,Seaside Hill,Start,Goal,,
